ID,Pozo_DGA,Pozo,E,N,Tipo,Operador,Z,Profundidad,Info SNGM - Collar
1,Huara J-C,SNGM-PTA-0001,426484,7790032,Monitoreo,NN,1115,209,Collar
2,Baquedano J-D,SNGM-PTA-0002,428240,7770096,Monitoreo,NN,1059,210,Collar
3,La Tirana J-E,SNGM-PTA-0003,428123,7751673,Monitoreo,NN,1011,250,Collar
4,Qda. Blanca J-F,SNGM-PTA-0004,447454,7708713,Monitoreo,NN,1017,224,Collar
5,Soga J-3,SNGM-PTA-0006,413907,7815718,Monitoreo,NN,1151,150,Collar
6,Aroma J-4,SNGM-PTA-0007,421750,7803821,Monitoreo,NN,1174,150,Collar
7,Pozo Almonte J-5,SNGM-PTA-0008,427470,7760043,Monitoreo,NN,1033,301.64,Collar
8,Canchones J-6,SNGM-PTA-0009,445634,7739234,Monitoreo,NN,995,200,Collar
9,B. Junoy J-7,SNGM-PTA-0010,430539,7731736,Monitoreo,NN,983,210,Collar
10,"Pica, camino antiguo J-8",SNGM-PTA-0011,445894,7722691,Monitoreo,NN,1020,210,Collar
11,Victoria J-9,SNGM-PTA-0012,438500,7705020,Monitoreo,NN,974,172,Collar
12,Dupliza 1A,SNGM-PTA-0014,435692,7767166,Monitoreo,NN,1067,107,Collar
13,Dupliza 494,SNGM-PTA-0015,435543,7766854,Monitoreo,NN,1060.266,80,SNGM
14,Dupliza 493,SNGM-PTA-0016,435789,7766848,Monitoreo,NN,1058.942,80,SNGM
15,Canchones D (659),SNGM-PTA-0018,446199,7739740,Bombeo,Aguas Nuevas,1002,98,Collar
16,Canchones F (1158),SNGM-PTA-0020,445620,7740134,Bombeo,Aguas Nuevas,1000,102,Collar
17,Canchones G,SNGM-PTA-0021,445666,7740207,Bombeo,Aguas Nuevas,999,96,Collar
18,Canchones I,SNGM-PTA-0022,446167,7739874,Bombeo,Aguas Nuevas,995,54,Collar
19,Canchones 1 (1519),SNGM-PTA-0023,445998,7740383,Bombeo,Aguas Nuevas,994,110,Collar
20,Canchones 2 (1520),SNGM-PTA-0024,445826,7740709,Bombeo,Aguas Nuevas,999,110,Collar
21,El Carmelo 17A,SNGM-PTA-0039,438746,7758202,Bombeo,Aguas Nuevas,1062.5,200,Collar
22,El Carmelo A,SNGM-PTA-0042,438505,7755762,Monitoreo,Aguas Nuevas,1030.527,200,SNGM
23,El Carmelo B,SNGM-PTA-0043,438354,7756747,Monitoreo,Aguas Nuevas,1032.068,108.6,SNGM
24,Loteo B (Sondaje N°1),SNGM-PTA-0044,431963,7760970,Monitoreo,NN,1034.8,75,Collar
25,Cumiñalla A (656),SNGM-PTA-0045,444419,7738413,Monitoreo,NN,991,110,Collar
26,Cumiñalla 493,SNGM-PTA-0048,443590,7737572,Bombeo,Aguas Nuevas,986.96,112,Collar
27,Cumiñalla 495,SNGM-PTA-0049,442934,7736697,Bombeo,Aguas Nuevas,985.326,Sin información,SNGM
28,Sondaje La Tirana 1,SNGM-PTA-0050,432944,7748348,Monitoreo,NN,1006,100.5,Collar
29,Sondaje La Tirana 2,SNGM-PTA-0051,432961,7748371,Monitoreo,NN,1000.607,113.7,SNGM
30,Punta Dolores 4,SNGM-PTA-0056,401720,7824249,Monitoreo,NN,1121.275,48,SNGM
31,"Colonia Pintados, Pozo 5",SNGM-PTA-0063,439329,7718196,Monitoreo,NN,981.432,Sin información,SNGM
32,Atacama Bío,SNGM-PTA-0064,433209,7744237,Monitoreo,NN,990.741,Sin información,SNGM
33,Inmobiliaria España D,SNGM-PTA-0065,439890,7741232,Monitoreo,NN,983.378,20,SNGM
34,Inmobiliaria España Noria,SNGM-PTA-0066,439930,7741181,Monitoreo,NN,984.411,18,SNGM
35,Camping Tamarugal 1,SNGM-PTA-0068,441375,7740964,Monitoreo,NN,983.651,Sin información,SNGM
36,Camping Tamarugal 2,SNGM-PTA-0069,441374,7740968,Monitoreo,NN,983.664,15,SNGM
37,Pica-Matilla p040,SNGM-PTA-0071,463344,7732184,Monitoreo,NN,1258.169,30.35,SNGM
38,Pica-Matilla p041,SNGM-PTA-0072,463345,7732182,Monitoreo,NN,1263,115,Collar
39,Los Tangelos p064,SNGM-PTA-0073,462903,7733395,Monitoreo,NN,1276.968,24.19,SNGM
40,Los Naranjos p063,SNGM-PTA-0074,462890,7733353,Monitoreo,NN,1271.308,26.79,SNGM
41,Pozo La Fábrica 3,SNGM-PTA-0075,462921,7733317,Monitoreo,NN,1271.257,Sin información,SNGM
42,La Calera Alto 1,SNGM-PTA-0080,458959,7748183,Monitoreo,NN,1387.932,19.61,SNGM
43,La Calera Alto 2,SNGM-PTA-0081,459190,7747654,Monitoreo,NN,1392.452,53.5,SNGM
44,La Calera 3 C-170,SNGM-PTA-0082,455170,7745879,Monitoreo,NN,1101.489,21.85,SNGM
45,La Calera 2 C-171,SNGM-PTA-0083,453300,7744808,Monitoreo,NN,1053.442,250,SNGM
46,Animita Victoria,SNGM-PTA-0094,431534,7706161,Monitoreo,NN,973.87,6.4,Collar
47,Zanja,SNGM-PTA-0095,431693,7706235,Monitoreo,NN,957,4.6,Collar
48,BRAC,SNGM-PTA-0098,430498,7710179,Monitoreo,NN,963,52,Collar
49,BRAC 2P,SNGM-PTA-0099,430479,7710170,Monitoreo,NN,958.126,Sin información,SNGM
50,PSA-1,SNGM-PTA-0100,443807,7703599,Monitoreo,NN,992,42.66,Collar
51,PSA-2,SNGM-PTA-0101,443162,7712780,Monitoreo,NN,997,42,Collar
52,PSA-3,SNGM-PTA-0102,442522,7731214,Monitoreo,NN,994,32.31,Collar
53,Exoficina San Pablo,SNGM-PTA-0103,412074,7736920,Monitoreo,NN,1008.051,31.62,SNGM
54,"Victoria, Pique 8",SNGM-PTA-0107,424971,7711260,Monitoreo,NN,965.58,6.5,Collar
55,10-S-1,SNGM-PTA-0109,426714,7711017,Monitoreo,NN,960.692,7.95,SNGM
56,Exoficina Virginia E-0029,SNGM-PTA-0110,416955,7734803,Monitoreo,NN,992.327,16.17,SNGM
57,"Bellavista, Pique 2",SNGM-PTA-0113,437030,7703192,Monitoreo,NN,965,17.05,Collar
58,"Victoria, Pique 4",SNGM-PTA-0116,439395,7705191,Monitoreo,NN,974,33.2,Collar
59,S-3,SNGM-PTA-0117,431339,7710002,Monitoreo,NN,965,78.75,Collar
60,S-3 nuevo,SNGM-PTA-0118,431342,7709989,Monitoreo,NN,959.601,Sin información,SNGM
61,S-6B,SNGM-PTA-0119,429549,7710071,Monitoreo,NN,965,53,Collar
62,S-6B nuevo,SNGM-PTA-0120,429561,7710080,Monitoreo,NN,960.132,Sin información,SNGM
63,E-0075-7,SNGM-PTA-0122,429683,7710249,Monitoreo,NN,958.615,Sin información,SNGM
64,S-16,SNGM-PTA-0123,432313,7712068,Monitoreo,NN,966,62,Collar
65,S-16 nuevo,SNGM-PTA-0124,432298,7712066,Monitoreo,NN,963.838,Sin información,SNGM
66,S-17A,SNGM-PTA-0126,431211,7711971,Monitoreo,NN,963.152,53,SNGM
67,S-23,SNGM-PTA-0127,439323,7704714,Monitoreo,NN,975,35,Collar
68,"Bellavista, Noria 13",SNGM-PTA-0129,439227,7704808,Monitoreo,NN,970.49,17.8,SNGM
69,Noria Bellavista,SNGM-PTA-0131,437510,7701858,Monitoreo,NN,961.473,Sin información,SNGM
70,Pintados C-688,SNGM-PTA-0132,436004,7720236,Monitoreo,NN,975.758,226,SNGM
71,B-257,SNGM-PTA-0133,436018,7720580,Monitoreo,NN,979,285,Collar
72,CPC-4,SNGM-PTA-0134,447624,7705760,Monitoreo,NN,1013.037,Sin información,SNGM
73,TC-9,SNGM-PTA-0135,448361,7705115,Monitoreo,NN,1022,128.25,Collar
74,CPC-3,SNGM-PTA-0136,446296,7705143,Monitoreo,NN,1006.829,Sin información,SNGM
75,Esmeralda 6 C-174,SNGM-PTA-0151,449653,7742622,Monitoreo,NN,1000.916,99.85,SNGM
76,Esmeralda 11,SNGM-PTA-0152,459515,7735750,Monitoreo,NN,1094.944,69.4,SNGM
77,Esmeralda 28,SNGM-PTA-0153,460131,7735492,Monitoreo,NN,1102.124,83,SNGM
78,Esmeralda 203,SNGM-PTA-0154,460594,7734577,Monitoreo,NN,1120.268,49.5,SNGM
79,Puquio Núñez 323,SNGM-PTA-0156,463282,7721559,Monitoreo,NN,1186.469,21.3,SNGM
80,"Puquio Núñez, Galería",SNGM-PTA-0157,463227.63,7721590.67,Monitoreo,NN,1182.699,Sin información,SNGM
81,Junoy 12,SNGM-PTA-0158,427203,7739922,Monitoreo,NN,990.237,24,SNGM
82,Bellavista 281,SNGM-PTA-0159,440401,7703579,Monitoreo,NN,974.301,22.16,SNGM
83,"Carmen Bajo, Noria 95",SNGM-PTA-0163,418928,7758325,Monitoreo,NN,1025,28.8,Collar
84,Tarapacá 5,SNGM-PTA-0164,418735,7758351,Monitoreo,NN,1012,41.4,Collar
85,Tarapacá X,SNGM-PTA-0179,418815,7758354,Monitoreo,NN,1023.199,Sin información,SNGM
86,"Puquio, Buena Esperanza 1",SNGM-PTA-0229,464434,7732537,Monitoreo,NN,1290,21.82,Collar
87,HMC-1,SNGM-PTA-0230,443531,7756372,Monitoreo,NN,1072,254,Collar
88,Cumiñalla 494,SNGM-PTA-0232,443968,7756643,Bombeo,Aguas Nuevas,#N/D,130,Collar
89,HMC P-4,SNGM-PTA-0233,444135,7756745,Monitoreo,NN,1084,132,Collar
90,Santa Rosita p053,SNGM-PTA-0274,466225,7729996,Monitoreo,NN,1318.21,125.6,SNGM
91,San Martín p013,SNGM-PTA-0277,466290,7733033,Monitoreo,NN,1338.895,83,SNGM
92,Concova AdP,SNGM-PTA-0278,466805,7734341,Monitoreo,NN,1384.744,32,SNGM
93,San Martín p014,SNGM-PTA-0279,465560,7733107,Monitoreo,NN,1309.398,37.2,SNGM
94,MERK-2,SNGM-PTA-0289,423134,7789482,Monitoreo,NN,1108.522,86.6,SNGM
95,Pozo Almonte S-11,SNGM-PTA-0290,425149,7764278,Monitoreo,NN,1040.093,45.05,SNGM
96,Piezómetro N-1,SNGM-PTA-0298,454241,7697663,Monitoreo,NN,1032.726,Sin información,SNGM
97,Piezómetro N-5,SNGM-PTA-0299,449810,7696642,Monitoreo,NN,987.741,Sin información,SNGM
98,Piezómetro N-10,SNGM-PTA-0300,448812,7695657,Monitoreo,NN,977.637,Sin información,SNGM
99,Piezómetro R-1,SNGM-PTA-0301,452303,7695845,Monitoreo,NN,1005.759,Sin información,SNGM
100,Caja Los Héroes,SNGM-PTA-0309,443093,7740526,Monitoreo,NN,987.377,Sin información,SNGM
101,Pintados 237,SNGM-PTA-0310,432709,7726291,Monitoreo,NN,972.126,6,SNGM
102,Pintados 254,SNGM-PTA-0311,432323,7720573,Monitoreo,NN,969.83,Sin información,SNGM
103,Pintados 256,SNGM-PTA-0312,435285,7720323,Monitoreo,NN,974.068,158,SNGM
104,Chacarilla 326,SNGM-PTA-0313,465956,7716211,Monitoreo,NN,1284,882,Collar
105,Concova 219,SNGM-PTA-0314,468014,7735136,Monitoreo,NN,1473.135,Sin información,SNGM
106,Recreo 7-1,SNGM-PTA-0315,433055,7732965,Monitoreo,NN,981.167,Sin información,SNGM
107,XT-8,SNGM-PTA-0317,436059,7647759,Monitoreo,NN,755.749,Sin información,SNGM
108,Bellavista 286,SNGM-PTA-0319,441996,7699156,Monitoreo,NN,969.371,24,SNGM
109,Sara-Tirana D-81,SNGM-PTA-0320,426838,7751865,Monitoreo,NN,1005.347,80,SNGM
110,Bellavista 276,SNGM-PTA-0321,438775,7708113,Monitoreo,NN,972.064,20,SNGM
111,Sur Viejo 299,SNGM-PTA-0322,446851,7686038,Monitoreo,NN,943.853,Sin información,SNGM
112,Hispania 138,SNGM-PTA-0323,432834,7739171,Monitoreo,NN,986.212,106,SNGM
113,Bellavista 275,SNGM-PTA-0324,435660,7707124,Monitoreo,NN,964.364,15,SNGM
114,L. Quispe D-167,SNGM-PTA-0325,440613,7735595,Monitoreo,NN,980.543,Sin información,SNGM
115,Remolino A-19,SNGM-PTA-0326,410924,7820115,Monitoreo,NN,1146.142,Sin información,SNGM
116,Remolino A-17,SNGM-PTA-0327,409143,7823328,Monitoreo,NN,1142.039,Sin información,SNGM
117,Sur Viejo 298,SNGM-PTA-0328,437805,7687329,Monitoreo,NN,920.236,Sin información,SNGM
118,San Genaro A-133,SNGM-PTA-0329,444327,7739346,Monitoreo,NN,990.345,Sin información,SNGM
119,Pintados B-1,SNGM-PTA-0332,442874,7724828,Monitoreo,NN,1000.054,61.18,SNGM
120,MC-007,SNGM-PTA-0334,432961,7636132,Monitoreo,NN,748.554,Sin información,SNGM
121,Dupliza 492,SNGM-PTA-0336,435921,7767049,Monitoreo,NN,1057.477,64.55,SNGM
122,D-290,SNGM-PTA-0339,426237,7695371,Monitoreo,NN,943.759,7,SNGM
123,España 16,SNGM-PTA-0340,435803,7736189,Monitoreo,NN,981.106,Sin información,SNGM
124,Pintados Noria,SNGM-PTA-0341,437146,7725702,Monitoreo,NN,975.915,Sin información,SNGM
125,Matilla p077,SNGM-PTA-0342,461050,7731709,Monitoreo,NN,1140.743,33,SNGM
126,Puquio Buena Esperanza 2,SNGM-PTA-0343,464391,7732579,Monitoreo,NN,1283.055,20,SNGM
127,San Martín p009,SNGM-PTA-0344,466560,7733605,Monitoreo,NN,1356.391,Sin información,SNGM
128,HMC P-1,SNGM-PTA-0345,444167,7756525,Monitoreo,NN,1074.942,254,SNGM
129,Miraflores p030,SNGM-PTA-0346,465245,7735888,Monitoreo,NN,1335.807,39.14,SNGM
130,Miraflores Alto,SNGM-PTA-0347,468265,7735405,Monitoreo,NN,1495.421,55.07,SNGM
131,Bajo Miraflores,SNGM-PTA-0348,465975,7734792,Monitoreo,NN,1342.602,31.93,SNGM
132,Cumiña Alto de la Fuente,SNGM-PTA-0349,464893,7734833,Monitoreo,NN,1315.446,41,SNGM
133,Valle Quisma Z. M.,SNGM-PTA-0350,463609,7730874,Monitoreo,NN,1215.565,Sin información,SNGM
134,DGA 123,SNGM-PTA-0352,427385,7738689,Monitoreo,NN,988.93,Sin información,SNGM
135,Bellavista 271,SNGM-PTA-0354,435157,7711497,Monitoreo,NN,966.236,Sin información,SNGM
136,S. Pintados 235,SNGM-PTA-0356,422814,7728428,Monitoreo,NN,981.231,Sin información,SNGM
137,B. Junoy 230,SNGM-PTA-0358,433814,7731579,Monitoreo,NN,979.261,Sin información,SNGM
138,Puquio Núñez 2,SNGM-PTA-0361,463434,7721588,Monitoreo,NN,1192.162,10.53,SNGM
139,S/N (D-15),SNGM-PTA-0362,460681,7734909,Monitoreo,NN,1123.029,Sin información,SNGM
140,S/N (Pozo 18),SNGM-PTA-0365,459641,7735871,Monitoreo,NN,1096.05,Sin información,SNGM
141,Pica-Matilla p042,SNGM-PTA-0367,462909,7732370,Monitoreo,NN,1253.405,29.29,SNGM
142,Puquio Santa Elena M.C.C.,SNGM-PTA-0368,463941,7733600,Monitoreo,NN,1297.146,Sin información,SNGM
143,Cumiña Alto p045,SNGM-PTA-0369,464095,7734671,Monitoreo,NN,1303.965,41.8,SNGM
144,D-292,SNGM-PTA-0370,443398,7695173,Monitoreo,NN,954.14,57.8,SNGM
145,Gattavara P-1,SNGM-PTA-0371,434162,7754161,Monitoreo,NN,1015.959,Sin información,SNGM
146,La Tirana Salida,SNGM-PTA-0374,431822,7747570,Monitoreo,NN,1000.411,15.55,SNGM
147,Nueva Esperanza,SNGM-PTA-0375,464287,7733013,Monitoreo,NN,1290.082,33.7,SNGM
148,Concova San Alfonso p023,SNGM-PTA-0376,467276,7734696,Monitoreo,NN,1412.783,24.76,SNGM
149,Parcela 2 Quisma,SNGM-PTA-0377,463849,7731095,Monitoreo,NN,1221.311,Sin información,SNGM
150,Matilla p047,SNGM-PTA-0378,460858,7732619,Monitoreo,NN,1140.385,41,SNGM
151,La Tirana 20-6,SNGM-PTA-0382,434050,7752573,Monitoreo,NN,1010.078,Sin información,SNGM
152,CONAF-2468,SNGM-PTA-0383,429307,7731550,Monitoreo,NN,979.069,Sin información,SNGM
153,B. Junoy 21-9,SNGM-PTA-0385,429660,7730567,Monitoreo,NN,978.361,Sin información,SNGM
154,B. Junoy 22-10,SNGM-PTA-0386,428250,7741856,Monitoreo,NN,993.067,Sin información,SNGM
155,CONAF-2428,SNGM-PTA-0387,427371,7741419,Monitoreo,NN,994.715,Sin información,SNGM
156,Rodal-10,SNGM-PTA-0388,426223,7742505,Monitoreo,NN,995.584,Sin información,SNGM
157,CONAF-2433,SNGM-PTA-0389,429938,7739493,Monitoreo,NN,987.485,Sin información,SNGM
158,Algarrobal 2,SNGM-PTA-0390,429778,7736530,Monitoreo,NN,989.095,Sin información,SNGM
159,B. Junoy 22-15,SNGM-PTA-0391,431310,7737403,Monitoreo,NN,986.143,Sin información,SNGM
160,CONAF-2455,SNGM-PTA-0392,433921,7734534,Monitoreo,NN,982.796,Sin información,SNGM
161,Esperanza 1,SNGM-PTA-0393,433275,7730235,Monitoreo,NN,977.996,12.15,SNGM
162,CONAF-2460,SNGM-PTA-0394,431919,7730761,Monitoreo,NN,979.515,Sin información,SNGM
163,Cumiñalla 22-7,SNGM-PTA-0395,444495,7738715,Monitoreo,NN,985.759,Sin información,SNGM
164,B. Junoy 23-1,SNGM-PTA-0396,424299,7738067,Monitoreo,NN,988.735,Sin información,SNGM
165,Chanes-2439,SNGM-PTA-0397,435018,7700196,Monitoreo,NN,948.316,11.6,SNGM
166,Victoria 23-11,SNGM-PTA-0398,433333,7702050,Monitoreo,NN,950.926,Sin información,SNGM
167,Buenaventura 23-12,SNGM-PTA-0399,429449,7696050,Monitoreo,NN,943.892,Sin información,SNGM
168,B. Junoy 23-2,SNGM-PTA-0401,426677,7737270,Monitoreo,NN,986.979,Sin información,SNGM
169,CONAF-2446,SNGM-PTA-0402,428057,7734321,Monitoreo,NN,983.061,Sin información,SNGM
170,B. Junoy 23-4,SNGM-PTA-0403,428458,7733382,Monitoreo,NN,984.25,Sin información,SNGM
171,CONAF-2447,SNGM-PTA-0404,427252,7731751,Monitoreo,NN,980.594,Sin información,SNGM
172,B. Junoy 23-6,SNGM-PTA-0405,435839,7729336,Monitoreo,NN,975.367,Sin información,SNGM
173,CONAF-2467,SNGM-PTA-0406,435928.87,7726949.52,Monitoreo,NN,975.898,Sin información,SNGM
174,Parque Sur,SNGM-PTA-0407,436873,7723496,Monitoreo,NN,979.227,Sin información,SNGM
175,La Huayca 2410-1,SNGM-PTA-0409,442857.14,7742141.75,Monitoreo,NN,985.947,Sin información,SNGM
176,La Tirana 30-10,SNGM-PTA-0411,432409.19,7748459.13,Monitoreo,NN,1001.268,Sin información,SNGM
177,La Tirana 30-11,SNGM-PTA-0412,432230.12,7748015.07,Monitoreo,NN,997.233,Sin información,SNGM
178,La Tirana 30-12,SNGM-PTA-0413,429144.65,7751507.89,Monitoreo,NN,1007.353,Sin información,SNGM
179,La Tirana 30-13,SNGM-PTA-0414,429151.32,7751502.28,Monitoreo,NN,1006.963,Sin información,SNGM
180,Dupliza 30-4,SNGM-PTA-0415,435921.3,7767052,Monitoreo,NN,1057.561,Sin información,SNGM
181,Pozo Almonte 30-6,SNGM-PTA-0416,419408.3,7756986.41,Monitoreo,NN,1021.417,Sin información,SNGM
182,La Tirana 30-7,SNGM-PTA-0417,429386.19,7751202.45,Monitoreo,NN,1002.963,Sin información,SNGM
183,La Tirana 30-9,SNGM-PTA-0418,432273.36,7748270.94,Monitoreo,NN,998.863,Sin información,SNGM
184,Viña Vieja p001,SNGM-PTA-0420,466475,7735019,Monitoreo,NN,1375.289,25,SNGM
185,San Martín p007,SNGM-PTA-0426,466299,7733740,Monitoreo,NN,1344.521,Sin información,SNGM
186,San Martín p008,SNGM-PTA-0427,466323,7733853,Monitoreo,NN,1347.106,Sin información,SNGM
187,San Martín p010,SNGM-PTA-0428,466673,7733429,Monitoreo,NN,1362.019,46.5,SNGM
188,San Martín p012,SNGM-PTA-0430,466318,7733284,Monitoreo,NN,1338.727,Sin información,SNGM
189,San Martín p015,SNGM-PTA-0431,465835,7732988,Monitoreo,NN,1320.263,37.25,SNGM
190,San Martín p016,SNGM-PTA-0432,466024,7733048,Monitoreo,NN,1324.297,31.3,SNGM
191,San Martín p017,SNGM-PTA-0433,465973,7733123,Monitoreo,NN,1323.571,30.59,SNGM
192,San Martín p018,SNGM-PTA-0434,465832,7733242,Monitoreo,NN,1319.719,27.33,SNGM
193,Concova p020,SNGM-PTA-0436,467178,7734564,Monitoreo,NN,1401.656,22.9,SNGM
194,Concova p021,SNGM-PTA-0437,467281,7734537,Monitoreo,NN,1416.848,23.7,SNGM
195,Víctor Alvarado p025,SNGM-PTA-0440,467806,7735908,Monitoreo,NN,1459.129,37.35,SNGM
196,San Basilio p029,SNGM-PTA-0443,465869,7734735,Monitoreo,NN,1339.078,35.87,SNGM
197,Jaime Uribe p035,SNGM-PTA-0447,465260,7733375,Monitoreo,NN,1315,32,Collar
198,Nancy Alegría p037,SNGM-PTA-0449,465602,7733698,Monitoreo,NN,1321.967,17.2,SNGM
199,Parcela La Labranza p051,SNGM-PTA-0450,467037,7734886,Monitoreo,NN,1400.158,17.03,SNGM
200,Sondaje las Ánimas p049,SNGM-PTA-0456,466227,7734140,Monitoreo,NN,1336.056,3.6,SNGM
201,Puquio Comiña p059,SNGM-PTA-0461,462926,7733216,Monitoreo,NN,1270.208,16.5,SNGM
202,Puquio Comiña p060,SNGM-PTA-0462,462875,7733095,Monitoreo,NN,1269.021,24.21,SNGM
203,Lo Vega p066,SNGM-PTA-0466,461173,7732632,Monitoreo,NN,1152.274,24,SNGM
204,Estrella Del Desierto p067,SNGM-PTA-0467,461118,7732115,Monitoreo,NN,1151.759,38,SNGM
205,Estrella del Norte p069,SNGM-PTA-0469,460999,7732082,Monitoreo,NN,1144.681,39.94,SNGM
206,Parcela Hijuela p070,SNGM-PTA-0470,463746,7730937,Monitoreo,NN,1215.572,20,SNGM
207,Pullalla Benito p073,SNGM-PTA-0472,463354,7730854,Monitoreo,NN,1234.923,38,SNGM
208,Terreno Fiscal p078,SNGM-PTA-0475,461196,7731552,Monitoreo,NN,1143,184,Collar
209,Predio Valle Quisma p091,SNGM-PTA-0488,464519,7731366,Monitoreo,NN,1234.513,26,SNGM
210,Chintaguay p094,SNGM-PTA-0491,466536,7731342,Monitoreo,NN,1292.426,Sin información,SNGM
211,Sector Puquio Santa Elena p98,SNGM-PTA-0494,463733,7733133,Monitoreo,NN,1281.928,29.48,SNGM
212,Sector Puquio Santa Elena p99,SNGM-PTA-0495,463919,7733255,Monitoreo,NN,1288.253,28.73,SNGM
213,Sector Puquio Santa Elena p100,SNGM-PTA-0496,463797,7733422,Monitoreo,NN,1286.047,29,SNGM
214,Sector Puquio Santa Elena p101,SNGM-PTA-0497,463615,7733297,Monitoreo,NN,1283.799,24.84,SNGM
215,Parcela Los Troncos p102,SNGM-PTA-0498,464808,7734390,Monitoreo,NN,1311.352,33.53,SNGM
216,DGA 20,SNGM-PTA-0505,463579,7731783,Monitoreo,NN,1271,44,Collar
217,DGA 34,SNGM-PTA-0506,462744,7732610,Monitoreo,NN,1247.364,87.5,SNGM
218,DGA 35,SNGM-PTA-0507,462039,7732340,Monitoreo,NN,1191.146,87.5,SNGM
219,DGA 54,SNGM-PTA-0508,466755,7734260,Monitoreo,NN,1385,27.49,Collar
220,DGA 69,SNGM-PTA-0509,467947,7735402,Monitoreo,NN,1472,80,Collar
221,DGA 99,SNGM-PTA-0512,464039,7732790,Monitoreo,NN,1282,111,Collar
222,DGA 102,SNGM-PTA-0513,467829,7735898,Monitoreo,NN,1460.74,44,SNGM
223,DGA 338,SNGM-PTA-0517,463014.32,7732809.58,Monitoreo,NN,1263.91,25,SNGM
224,DGA 381,SNGM-PTA-0518,455314.87,7720955.74,Monitoreo,NN,1084.806,194,SNGM
225,DGA 509,SNGM-PTA-0519,463491,7732764,Monitoreo,NN,1271,25,Collar
226,DGA 526,SNGM-PTA-0520,464934,7732723,Monitoreo,NN,1299.386,45.1,SNGM
227,DGA 527,SNGM-PTA-0521,465320,7733500,Monitoreo,NN,1317,30,Collar
228,DGA 567,SNGM-PTA-0523,463241,7732807,Monitoreo,NN,1273,25.4,Collar
229,DGA 606,SNGM-PTA-0524,466450,7734566,Monitoreo,NN,1367,22.2,Collar
230,DGA 609,SNGM-PTA-0525,465780,7734343,Monitoreo,NN,1338,31,Collar
231,DGA 629,SNGM-PTA-0526,464602,7733000,Monitoreo,NN,1303,31.1,Collar
232,DGA 654,SNGM-PTA-0528,466010,7735176,Monitoreo,NN,1357,34.8,Collar
233,DGA 680,SNGM-PTA-0529,467389,7736677,Monitoreo,NN,1451,53.3,Collar
234,El Carmelo 2 D-60,SNGM-PTA-0537,435129.29,7755580.66,Monitoreo,NN,1021.063,183,SNGM
235,Esmeralda 14,SNGM-PTA-0538,460279.48,7735015.73,Monitoreo,NN,1115.626,90,SNGM
236,Esmeralda 15,SNGM-PTA-0539,460373.48,7735005.74,Monitoreo,NN,1118.029,Sin información,SNGM
237,S. Pintados D-66,SNGM-PTA-0543,422090.26,7753912.58,Monitoreo,NN,1012.972,Sin información,SNGM
238,Mendieta A-9,SNGM-PTA-0545,435018.36,7743587.62,Monitoreo,NN,986.758,Sin información,SNGM
239,Pintados Pica 3 315,SNGM-PTA-0546,454122.5,7727886.68,Monitoreo,NN,1055.512,71.6,SNGM
240,TC-92,SNGM-PTA-0600,448367.8,7705098.16,Monitoreo,NN,1016.378,Sin información,SNGM
241,Esmeralda 34,SNGM-PTA-0611,456249,7738021,Monitoreo,NN,1075.673,85,SNGM
242,Gmo. Araya A-100,SNGM-PTA-0615,431716,7747781,Monitoreo,NN,998.523,Sin información,SNGM
243,Planta Sara 3A,SNGM-PTA-0618,421826,7753269,Monitoreo,NN,1016.016,Sin información,SNGM
244,Valle Quisma p075,SNGM-PTA-0627,463667,7730896,Monitoreo,NN,1215.692,10.2,SNGM
245,Salar Zapiga 4,SNGM-PTA-0628,412650.93,7808958.71,Monitoreo,NN,1149.022,15.74,SNGM
246,Salar Zapiga 2,SNGM-PTA-0632,424887,7821530,Monitoreo,NN,1313.821,12,SNGM
247,Bellavista Sur,SNGM-PTA-0659,438284,7700237,Monitoreo,NN,956.193,16.7,SNGM
248,Reserva Bellavista 1,SNGM-PTA-0663,433341,7702047,Monitoreo,NN,950.914,Sin información,SNGM
249,Carmina 1,SNGM-PTA-0691,417434,7803733,Monitoreo,NN,1154.208,110,SNGM
250,Carmina 2,SNGM-PTA-0692,417623.65,7803542.34,Monitoreo,NN,1153.922,103.95,SNGM
251,Aroma PF-004,SNGM-PTA-0693,427968,7808184,Monitoreo,NN,1238.621,13.4,SNGM
252,Tarapacá 4,SNGM-PTA-0702,418744,7758357,Monitoreo,NN,1025.219,Sin información,SNGM
253,SC-968,SNGM-PTA-0704,425503.5,7779668.95,Monitoreo,NN,1078,90.75,SNGM
254,R-1,SNGM-PTA-0706,425167,7790248,Monitoreo,NN,1108.547,151.25,SNGM
255,MERCK-IX,SNGM-PTA-0707,421491.5,7789322.32,Monitoreo,NN,1107.1,62.5,SNGM
256,Pozo Almonte S-12,SNGM-PTA-0710,425657,7764417,Monitoreo,NN,1038.254,50.35,SNGM
257,HMC-4,SNGM-PTA-0723,444163,7756787,Monitoreo,NN,1080.668,Sin información,SNGM
258,SCR-2,SNGM-PTA-0729,432740,7635446,Monitoreo,NN,746.411,85.7,SNGM
259,SCR-3,SNGM-PTA-0730,432361.61,7635382.81,Monitoreo,NN,744.258,Sin información,SNGM
260,SCR-8,SNGM-PTA-0731,431656,7634982,Monitoreo,NN,739.384,Sin información,SNGM
261,SCR-9,SNGM-PTA-0732,431534.97,7635174.87,Monitoreo,NN,736.469,Sin información,SNGM
262,MC-006,SNGM-PTA-0733,429721,7634405,Monitoreo,NN,732.043,2,SNGM
263,S-18A,SNGM-PTA-0736,434281.77,7647902.45,Monitoreo,NN,750.818,Sin información,SNGM
264,S-30,SNGM-PTA-0739,426017,7696140,Monitoreo,NN,944.109,27,SNGM
265,Victoria Pique 2,SNGM-PTA-0743,436846,7702819,Monitoreo,NN,959.141,12.6,SNGM
266,Chacarilla 1 A-20,SNGM-PTA-0777,455334,7720908.61,Monitoreo,NN,1085.469,141.1,SNGM
267,Chacarilla 2 A-21,SNGM-PTA-0778,455315,7720923,Monitoreo,NN,1083.837,116.72,SNGM
268,Salar Zapiga 3,SNGM-PTA-1583,427821,7816009,Monitoreo,NN,1310.734,Sin información,SNGM
269,Salar Pintados Radio,SNGM-PTA-1585,434025.14,7726026.43,Monitoreo,NN,972.536,Sin información,SNGM
270,Est Exp Pintados,SNGM-PTA-1587,432852,7719499,Monitoreo,NN,974.635,Sin información,SNGM
271,Salar Pintados BNA 20-9,SNGM-PTA-1588,440948,7721988,Monitoreo,NN,988.952,Sin información,SNGM
272,Salar Pintados BNA 21-7,SNGM-PTA-1589,435440,7723967,Monitoreo,NN,974.24,Sin información,SNGM
273,Salar Pintados Pica 1,SNGM-PTA-1590,446009,7723542,Monitoreo,NN,1016.936,110,SNGM
274,Salar Bellavista BNA 25-K,SNGM-PTA-1592,434324,7713048,Monitoreo,NN,967.46,Sin información,SNGM
275,Salar Bellavista BNA 27-6,SNGM-PTA-1593,433968.09,7703583.37,Monitoreo,NN,953.037,Sin información,SNGM
276,La Tirana 1,SNGM-PTA-1594,438217,7756779,Monitoreo,NN,1033.469,Sin información,SNGM
277,Refresco,SNGM-PTA-1595,435531.17,7749089.58,Monitoreo,NN,1004.333,Sin información,SNGM
278,Bosque Junoy BNA 33-0,SNGM-PTA-1596,435819,7746564,Monitoreo,NN,992.387,Sin información,SNGM
279,Salar Pintados Pica 2,SNGM-PTA-1597,460616,7728809,Monitoreo,NN,1143.434,159,SNGM
280,Salar Pintados 3,SNGM-PTA-1598,441554.13,7725808.37,Monitoreo,NN,993.784,Sin información,SNGM
281,Salar Pintados BNA 37-3,SNGM-PTA-1599,435947,7727811,Monitoreo,NN,975.383,Sin información,SNGM
282,Mosquitos 1,SNGM-PTA-1600,434260,7729588,Monitoreo,NN,974.683,Sin información,SNGM
283,Est Salar Pintados 1,SNGM-PTA-1601,442968,7723963,Monitoreo,NN,998.188,Sin información,SNGM
284,Salar Bellavista BNA 41-1,SNGM-PTA-1602,441581.2,7760485.56,Monitoreo,NN,1069.187,Sin información,SNGM
285,Salar Bellavista BNA 42-K,SNGM-PTA-1603,446236,7644285,Monitoreo,NN,804.673,Sin información,SNGM
286,Recreo 1,SNGM-PTA-1622,431376.97,7732146.56,Monitoreo,NN,978.521,Sin información,SNGM
287,Dren Of. Victoria,SNGM-PTA-1623,431639.7,7706250.02,Monitoreo,NN,952.895,Sin información,SNGM
288,Iris 2,SNGM-PTA-1624,445208,7690216,Monitoreo,NN,941.769,71.2,SNGM
289,Puquio Núñez 3,SNGM-PTA-1647,461990,7723598,Monitoreo,NN,1194.557,13.18,SNGM
290,Alto San Andrés,SNGM-PTA-1648,467807,7735911,Monitoreo,NN,1459.231,37.24,SNGM
291,XT-9,SNGM-PTA-1651,435796.91,7638159.49,Monitoreo,NN,753.224,Sin información,SNGM
292,2-HENOC,SNGM-PTA-1652,433601,7659645,Monitoreo,NN,759.842,Sin información,SNGM
293,Iris 1,SNGM-PTA-1654,435974,7688175,Monitoreo,NN,917.713,42.8,SNGM
294,Soga 3,SNGM-PTA-1656,411899,7806942,Monitoreo,NN,1144.853,25.3,SNGM
295,Pintados B-2,SNGM-PTA-1657,442296,7732598,Monitoreo,NN,989.09,112.03,SNGM
296,HPS-55,SNGM-PTA-1659,511622,7757137,Monitoreo,NN,3787.449,3.63,SNGM
297,Bajo Soga,SNGM-PTA-1661,415179,7815670,Monitoreo,NN,1152.816,32,SNGM
298,APR Tarapacá,SNGM-PTA-1662,446865,7796903,Monitoreo,NN,1405.98,Sin información,SNGM
299,Salar Zapiga,SNGM-PTA-1663,447601,7819767,Monitoreo,NN,1898.679,Sin información,SNGM
300,Concova 1,SNGM-PTA-1665,467844,7734911,Monitoreo,NN,1457.874,Sin información,SNGM
301,Enrique Aguayo,SNGM-PTA-1667,465241,7733123,Monitoreo,NN,1305.539,Sin información,SNGM
302,Granja María José,SNGM-PTA-1668,463504,7732812,Monitoreo,NN,1266.667,Sin información,SNGM
303,Esmeralda 31,SNGM-PTA-1670,456308,7737775,Monitoreo,NN,1074.672,Sin información,SNGM
304,Bosque Junoy BNA 62-4,SNGM-PTA-1671,440619,7749901,Monitoreo,NN,1009.586,Sin información,SNGM
305,Chacacollo 2,SNGM-PTA-1672,442629,7695709,Monitoreo,NN,959.519,Sin información,SNGM
306,Antonio Nápoli di Capua,SNGM-PTA-1673,465241,7733123,Monitoreo,NN,1305.539,Sin información,SNGM
307,Bosque Junoy BNA 70-5,SNGM-PTA-1674,434827,7732972,Monitoreo,NN,975.522,Sin información,SNGM
308,ESSAT Canchones,SNGM-PTA-1675,456021,7736329,Monitoreo,NN,1070.024,Sin información,SNGM
309,Est Salar Pint 4,SNGM-PTA-1676,440955,7719990,Monitoreo,NN,983.661,Sin información,SNGM
310,Salar Pintados BNA 66-7,SNGM-PTA-1677,430220,7740394,Monitoreo,NN,988.044,Sin información,SNGM
311,Salar Pintados BNA 67-5,SNGM-PTA-1678,424827.04,7743512.5,Monitoreo,NN,998.041,Sin información,SNGM
312,Salar Pintados BNA 14-4,SNGM-PTA-1679,420826,7753880,Monitoreo,NN,1016.493,Sin información,SNGM
313,Salar Bellavista BNA 77-2,SNGM-PTA-1681,427588,7698417,Monitoreo,NN,940.66,Sin información,SNGM
314,Salar Bellavista BNA 73-K,SNGM-PTA-1682,434562,7711512,Monitoreo,NN,968.191,Sin información,SNGM
315,La Tirana 8A,SNGM-PTA-1683,431282,7750082,Monitoreo,NN,1000.931,Sin información,SNGM
316,La Tirana 104A,SNGM-PTA-1684,432161,7747780,Monitoreo,NN,995.531,Sin información,SNGM
317,Moscoso,SNGM-PTA-1685,447805,7751523,Monitoreo,NN,1074.179,Sin información,SNGM
318,PO-1,SNGM-PTA-1686,434417.93,7656614.11,Monitoreo,NN,755.229,Sin información,SNGM
319,PO-2,SNGM-PTA-1687,434196,7659863,Monitoreo,NN,765,21.5,Collar
320,PO-2A,SNGM-PTA-1688,434186.93,7659865.04,Monitoreo,NN,762.083,Sin información,SNGM
321,PO-3,SNGM-PTA-1689,434578.93,7658539.07,Monitoreo,NN,758.224,Sin información,SNGM
322,PO-4,SNGM-PTA-1690,434625.93,7657960.08,Monitoreo,NN,755.801,Sin información,SNGM
323,PO-5,SNGM-PTA-1691,434536.93,7658721.06,Monitoreo,NN,758.808,Sin información,SNGM
324,PO-6,SNGM-PTA-1692,434400,7658755,Monitoreo,NN,761,40.15,Collar
325,PO-6A,SNGM-PTA-1693,434401.93,7658754.06,Monitoreo,NN,759.343,Sin información,SNGM
326,PO-7,SNGM-PTA-1694,434410.93,7658873.06,Monitoreo,NN,757.277,Sin información,SNGM
327,PO-8,SNGM-PTA-1695,434428.93,7657234.09,Monitoreo,NN,753.477,Sin información,SNGM
328,REC-1,SNGM-PTA-1696,442500.78,7635427.55,Monitoreo,NN,782.848,Sin información,SNGM
329,REC-2,SNGM-PTA-1697,447796.67,7635757.54,Monitoreo,NN,807.439,Sin información,SNGM
330,XT-1B,SNGM-PTA-1698,435848.9,7661225.01,Monitoreo,NN,768.334,Sin información,SNGM
331,XT-2B,SNGM-PTA-1699,435060.92,7661184.01,Monitoreo,NN,762.508,Sin información,SNGM
332,XT-3,SNGM-PTA-1700,435579.9,7660380.03,Monitoreo,NN,765.679,Sin información,SNGM
333,XT-4,SNGM-PTA-1701,435753.9,7659194.05,Monitoreo,NN,758.366,Sin información,SNGM
334,XT-5,SNGM-PTA-1702,435570.91,7658450.07,Monitoreo,NN,758.349,Sin información,SNGM
335,XT-6,SNGM-PTA-1703,436979.88,7657613.09,Monitoreo,NN,761.323,Sin información,SNGM
336,XT-7B,SNGM-PTA-1704,432858.96,7656863.1,Monitoreo,NN,754.864,Sin información,SNGM
337,A,SNGM-PTA-1705,435404,7650984,Monitoreo,NN,761,20.11,Collar
338,B,SNGM-PTA-1706,434685,7652915,Monitoreo,NN,761,18,Collar
339,CLL-29,SNGM-PTA-1707,433960,7654831,Monitoreo,NN,761,16.2,Collar
340,M3N2,SNGM-PTA-1708,436000,7648237,Monitoreo,NN,756,35.07,Collar
341,M3N3,SNGM-PTA-1709,434670,7648017,Monitoreo,NN,755,50.29,Collar
342,N2N,SNGM-PTA-1710,436015,7648582,Monitoreo,NN,756,15,Collar
343,N2S,SNGM-PTA-1711,436015,7648381,Monitoreo,NN,757,15,Collar
344,N2E,SNGM-PTA-1712,436260,7648448,Monitoreo,NN,753,15,Collar
345,N2W,SNGM-PTA-1713,435765,7648432,Monitoreo,NN,758,15,Collar
346,N3N,SNGM-PTA-1714,434740,7648332,Monitoreo,NN,756,15,Collar
347,N3S,SNGM-PTA-1715,434740,7648132,Monitoreo,NN,754,15,Collar
348,N3E,SNGM-PTA-1716,434990,7648182,Monitoreo,NN,756,15.23,Collar
349,N3W,SNGM-PTA-1717,434490,7648182,Monitoreo,NN,754,15,Collar
350,Llamara S1,SNGM-PTA-1718,435065,7647689,Monitoreo,NN,757,15,Collar
351,Llamara S2,SNGM-PTA-1719,435519,7647854,Monitoreo,NN,754,15,Collar
352,Llamara S3,SNGM-PTA-1720,435579,7647359,Monitoreo,NN,756,15.02,Collar
353,Llamara S4,SNGM-PTA-1721,435037,7647077,Monitoreo,NN,755,15,Collar
354,Llamara S5,SNGM-PTA-1722,434682,7646858,Monitoreo,NN,756,15,Collar
355,Llamara S6,SNGM-PTA-1723,434242,7646709,Monitoreo,NN,757,15,Collar
356,Llamara S7,SNGM-PTA-1724,433791,7647905,Monitoreo,NN,754,14,Collar
357,Llamara S8,SNGM-PTA-1725,433947,7647991,Monitoreo,NN,755,15,Collar
358,Llamara S9,SNGM-PTA-1726,434390,7647981,Monitoreo,NN,754,15,Collar
359,Llamara S10,SNGM-PTA-1727,435107,7648218,Monitoreo,NN,756,15,Collar
360,Llamara S11,SNGM-PTA-1728,435513,7648234,Monitoreo,NN,757,15,Collar
361,Llamara S12,SNGM-PTA-1729,435362,7648663,Monitoreo,NN,758,15,Collar
362,Llamara S13,SNGM-PTA-1730,433705,7647993,Monitoreo,NN,754,12,Collar
363,Llamara S14,SNGM-PTA-1731,434664,7646625,Monitoreo,NN,756,15,Collar
364,Llamara S15,SNGM-PTA-1732,435580,7647091,Monitoreo,NN,759,15,Collar
365,Llamara S16,SNGM-PTA-1733,434389,7648188,Monitoreo,NN,754,15,Collar
366,Llamara S17,SNGM-PTA-1734,433938,7648188,Monitoreo,NN,756,15.21,Collar
367,Llamara S18,SNGM-PTA-1735,434280,7647907,Monitoreo,NN,753,15,Collar
368,Re-1,SNGM-PTA-1736,435693.91,7647823.29,Monitoreo,NN,748.426,Sin información,SNGM
369,R2N2,SNGM-PTA-1737,435968.9,7648003.28,Monitoreo,NN,747.25,Sin información,SNGM
370,R4N3,SNGM-PTA-1739,434593.93,7647850.29,Monitoreo,NN,748.427,Sin información,SNGM
371,R5N4,SNGM-PTA-1740,433940.95,7647857.29,Monitoreo,NN,750.232,Sin información,SNGM
372,3X-16A,SNGM-PTA-1741,434378.93,7658725.06,Monitoreo,NN,758.694,Sin información,SNGM
373,X-17A,SNGM-PTA-1742,439717,7663226,Monitoreo,NN,792.27,96,SNGM
374,2PL3,SNGM-PTA-1743,433657.95,7657625.08,Monitoreo,NN,755.608,Sin información,SNGM
375,3X-14A,SNGM-PTA-1744,433409.95,7661610,Monitoreo,NN,763.616,Sin información,SNGM
376,2PL2,SNGM-PTA-1745,432957.96,7658557.06,Monitoreo,NN,756.344,Sin información,SNGM
377,3X-S7,SNGM-PTA-1746,431596.99,7659968.03,Monitoreo,NN,757.246,Sin información,SNGM
378,Comiña,SNGM-PTA-1748,464296,7733691,Monitoreo,NN,1299.523,Sin información,SNGM
379,HUA-01,SNGM-PTA-1750,512438,7753663,Monitoreo,NN,3783.17,Sin información,SNGM
380,XT-12,SNGM-PTA-1752,437264,7637520,Monitoreo,NN,759.057,Sin información,SNGM
381,Minera Nueva,SNGM-PTA-1753,434772,7687370,Monitoreo,NN,919.993,Sin información,SNGM
382,RL-13,SNGM-PTA-1754,438109,7637220,Monitoreo,NN,762.148,Sin información,SNGM
383,S-9,SNGM-PTA-1755,434388,7647973,Monitoreo,NN,750.783,Sin información,SNGM
384,Enpachica,SNGM-PTA-1756,454643,7803303,Monitoreo,NN,908,2295,Collar
385,Canchones 3 ,SNGM-PTA-0025,446066,7740989,Bombeo,Aguas Nuevas,994,110,Collar
386,Canchones 4 ,SNGM-PTA-0026,445881,7741311,Bombeo,Aguas Nuevas,1002,121,Collar
387,Canchones 5 ,SNGM-PTA-0027,446124,7741578,Bombeo,Aguas Nuevas,1000,119,Collar
388,Canchones 6 ,SNGM-PTA-0028,445279,7742416,Bombeo,Aguas Nuevas,994,120,Collar
389,,SNGM-PTA-0013,517470,7766011,Indefinido,NN,3835.74,207,SNGM
390,,SNGM-PTA-0019,446105,7740268,Indefinido,NN,995.939,101.2,SNGM
391,,SNGM-PTA-0029,444950,7743166,Indefinido,NN,990.46,121,SNGM
392,,SNGM-PTA-0030,445851,7739701,Indefinido,NN,1000.291,Sin información,SNGM
393,,SNGM-PTA-0031,439689,7758066,Indefinido,NN,1046.098,Sin información,SNGM
394,,SNGM-PTA-0032,439703,7758034,Indefinido,NN,1047.15,Sin información,SNGM
395,,SNGM-PTA-0033,439781,7757986,Indefinido,NN,1048.835,200,SNGM
396,,SNGM-PTA-0034,439221,7756705,Indefinido,NN,1040.386,202,SNGM
397,,SNGM-PTA-0035,439220,7757713,Indefinido,NN,1040.074,200,SNGM
398,,SNGM-PTA-0036,438141,7755315,Indefinido,NN,1030.1,200,SNGM
399,,SNGM-PTA-0037,437313,7757175,Indefinido,NN,1032.134,200,SNGM
400,,SNGM-PTA-0038,438962,7758670,Indefinido,NN,1044.49,201.4,SNGM
401,,SNGM-PTA-0040,440333,7756578,Indefinido,NN,1044.102,200,SNGM
402,,SNGM-PTA-0041,440292,7757584,Indefinido,NN,1050.009,200,SNGM
403,,SNGM-PTA-0046,446751,7737924,Indefinido,NN,996.179,108,SNGM
404,,SNGM-PTA-0052,463196,7733931,Indefinido,NN,1290.4,Sin información,SNGM
405,,SNGM-PTA-0057,440803,7724172,Indefinido,NN,991.779,2475,SNGM
406,,SNGM-PTA-0058,440729,7731758,Indefinido,NN,986.132,1255,SNGM
407,,SNGM-PTA-0067,439915,7741194,Indefinido,NN,984.177,Sin información,SNGM
408,,SNGM-PTA-0070,463339,7732365,Indefinido,NN,1261.969,Sin información,SNGM
409,,SNGM-PTA-0079,459008,7748230,Indefinido,NN,1390.932,Sin información,SNGM
410,,SNGM-PTA-0085,417338,7803089,Indefinido,NN,1150.234,60,SNGM
411,,SNGM-PTA-0086,417453,7803241,Indefinido,NN,1153.302,37,SNGM
412,,SNGM-PTA-0087,443776,7697675,Indefinido,NN,971.967,Sin información,SNGM
413,,SNGM-PTA-0088,443741,7696515,Indefinido,NN,965.26,Sin información,SNGM
414,,SNGM-PTA-0089,444316,7698705,Indefinido,NN,976.03,Sin información,SNGM
415,,SNGM-PTA-0115,439909,7701950,Indefinido,NN,969.901,20.7,SNGM
416,,SNGM-PTA-0125,431189,7711974,Indefinido,NN,963.318,53,SNGM
417,,SNGM-PTA-0128,426018,7696137,Indefinido,NN,943.998,27,SNGM
418,,SNGM-PTA-0137,458631,7736296,Indefinido,NN,1088.296,315,SNGM
419,,SNGM-PTA-0138,459321,7735535,Indefinido,NN,1095.088,94,SNGM
420,,SNGM-PTA-0144,459221,7736022,Indefinido,NN,1086.151,83,SNGM
421,,SNGM-PTA-0145,459576,7735750,Indefinido,NN,1098.389,86,SNGM
422,,SNGM-PTA-0146,459403,7735602,Indefinido,NN,1098.839,92,SNGM
423,,SNGM-PTA-0147,459354,7735317,Indefinido,NN,1081.05,90,SNGM
424,,SNGM-PTA-0148,459515,7735316,Indefinido,NN,1088.182,85,SNGM
425,,SNGM-PTA-0149,459594,7735069,Indefinido,NN,1093.058,83,SNGM
426,,SNGM-PTA-0171,411005,7805387,Indefinido,NN,1142.094,30.25,SNGM
427,,SNGM-PTA-0173,411065,7806628,Indefinido,NN,1141.418,18.5,SNGM
428,,SNGM-PTA-0174,411899,7806946,Indefinido,NN,1144.814,26.7,SNGM
429,,SNGM-PTA-0175,410539,7807815,Indefinido,NN,1142.217,20.2,SNGM
430,,SNGM-PTA-0176,411193,7808264,Indefinido,NN,1144.397,45,SNGM
431,,SNGM-PTA-0177,410605,7809541,Indefinido,NN,1149.093,25.4,SNGM
432,,SNGM-PTA-0228,463464,7732530,Indefinido,NN,1260.854,25.2,SNGM
433,,SNGM-PTA-0231,442940,7736996,Indefinido,NN,986.352,117.5,SNGM
434,,SNGM-PTA-0272,466050,7728686,Indefinido,NN,1284.843,180,SNGM
435,,SNGM-PTA-0276,466252,7733353,Indefinido,NN,1332.269,Sin información,SNGM
436,,SNGM-PTA-0291,445587,7722395,Indefinido,NN,1009.865,110,SNGM
437,,SNGM-PTA-0292,451676,7726195,Indefinido,NN,1048.421,147,SNGM
438,,SNGM-PTA-0293,455704,7729013,Indefinido,NN,1070.862,200,SNGM
439,,SNGM-PTA-0294,455526,7720590,Indefinido,NN,1086.578,150,SNGM
440,,SNGM-PTA-0297,422816,7756624,Indefinido,NN,1017.751,200,SNGM
441,,SNGM-PTA-0351,463746,7731318,Indefinido,NN,1255.755,Sin información,SNGM
442,,SNGM-PTA-0439,466819,7735181,Indefinido,NN,1392.117,Sin información,SNGM
443,,SNGM-PTA-0441,468043,7735730,Indefinido,NN,1477.56,80,SNGM
444,,SNGM-PTA-0500,438343,7698734,Indefinido,NN,956.089,25.36,SNGM
445,,SNGM-PTA-0501,436655,7700242,Indefinido,NN,952.98,25,SNGM
446,,SNGM-PTA-0502,435676,7700240,Indefinido,NN,948.561,20.27,SNGM
447,,SNGM-PTA-0503,434143,7702052,Indefinido,NN,952.362,20.03,SNGM
448,,SNGM-PTA-0504,432437,7703219,Indefinido,NN,950.98,15.1,SNGM
449,,SNGM-PTA-0510,464753,7732447,Indefinido,NN,1290.642,47,SNGM
450,,SNGM-PTA-0511,466050,7734940,Indefinido,NN,1345.166,70,SNGM
451,,SNGM-PTA-0516,484939,7732830,Indefinido,NN,2580.552,26.01,SNGM
452,,SNGM-PTA-0613,430222,7751091,Indefinido,NN,1007.806,15,SNGM
453,,SNGM-PTA-0758,440446,7718703,Indefinido,NN,987.852,Sin información,SNGM
454,,SNGM-PTA-1309,463701,7728270,Indefinido,NN,1220.679,Sin información,SNGM
455,,SNGM-PTA-1347,463248,7732595,Indefinido,NN,1260.685,23.96,SNGM
456,,SNGM-PTA-1425,462473,7731614,Indefinido,NN,1208.689,30.9,SNGM
457,,SNGM-PTA-1426,460314,7731912,Indefinido,NN,1132.364,34,SNGM
458,,SNGM-PTA-1427,465483,7733253,Indefinido,NN,1311.236,34.5,SNGM
459,,SNGM-PTA-1439,467106,7734620,Indefinido,NN,1398.866,35,SNGM
460,,SNGM-PTA-1649,466627,7734784,Indefinido,NN,1371.373,48,SNGM
461,,SNGM-PTA-1660,444163,7756774,Indefinido,NN,1080.985,274,SNGM
462,,SNGM-PTA-1669,519349,7776926,Indefinido,NN,3982.423,157,SNGM
463,,SNGM-PTA-1680,420045,7734815,Indefinido,NN,989.168,Sin información,SNGM
464,,SNGM-PTA-1757,403918,7823302,Indefinido,NN,1126.532,2827,SNGM
465,,SNGM-PTA-1762,467276,7734696,Indefinido,NN,1412.783,70,SNGM
466,,SNGM-PTA-1767,433256,7746043,Indefinido,NN,995.832,Sin información,SNGM
467,,SNGM-PTA-1770,464839,7717351,Indefinido,NN,1236.852,Sin información,SNGM
468,,SNGM-PTA-1771,454632,7802418,Indefinido,NN,1683.794,Sin información,SNGM
